-- MySQL dump 10.13  Distrib 5.6.24, for Win32 (x86)
--
-- Host: localhost    Database: hikvision
-- ------------------------------------------------------
-- Server version	5.6.24-enterprise-commercial-advanced-log

/*!40101 SET @OLD_CHARACTER_SET_CLIENT=@@CHARACTER_SET_CLIENT */;
/*!40101 SET @OLD_CHARACTER_SET_RESULTS=@@CHARACTER_SET_RESULTS */;
/*!40101 SET @OLD_COLLATION_CONNECTION=@@COLLATION_CONNECTION */;
/*!40101 SET NAMES utf8 */;
/*!40103 SET @OLD_TIME_ZONE=@@TIME_ZONE */;
/*!40103 SET TIME_ZONE='+00:00' */;
/*!40014 SET @OLD_UNIQUE_CHECKS=@@UNIQUE_CHECKS, UNIQUE_CHECKS=0 */;
/*!40014 SET @OLD_FOREIGN_KEY_CHECKS=@@FOREIGN_KEY_CHECKS, FOREIGN_KEY_CHECKS=0 */;
/*!40101 SET @OLD_SQL_MODE=@@SQL_MODE, SQL_MODE='NO_AUTO_VALUE_ON_ZERO' */;
/*!40111 SET @OLD_SQL_NOTES=@@SQL_NOTES, SQL_NOTES=0 */;

--
-- Table structure for table `camera`
--

DROP TABLE IF EXISTS `camera`;
/*!40101 SET @saved_cs_client     = @@character_set_client */;
/*!40101 SET character_set_client = utf8 */;
CREATE TABLE `camera` (
  `cameraId` int(11) NOT NULL AUTO_INCREMENT,
  `cameraName` varchar(45) DEFAULT NULL,
  `videoName` varchar(45) DEFAULT NULL,
  `channelNumber` int(11) DEFAULT NULL,
  `bitStream` varchar(45) DEFAULT NULL,
  `transportProtol` varchar(45) DEFAULT NULL,
  `ptzProtol` varchar(45) DEFAULT NULL,
  `directNorth` int(11) DEFAULT NULL,
  `belongs` tinyint(3) unsigned DEFAULT NULL,
  `hZeroAngle` double DEFAULT NULL,
  `vZeroAngle` double DEFAULT NULL,
  `altitude` int(11) DEFAULT NULL,
  `longitude` int(11) DEFAULT NULL,
  PRIMARY KEY (`cameraId`)
) ENGINE=InnoDB AUTO_INCREMENT=28 DEFAULT CHARSET=utf8;
/*!40101 SET character_set_client = @saved_cs_client */;

--
-- Dumping data for table `camera`
--

LOCK TABLES `camera` WRITE;
/*!40000 ALTER TABLE `camera` DISABLE KEYS */;
INSERT INTO `camera` VALUES (1,'A','AA',0,NULL,NULL,NULL,NULL,1,NULL,NULL,43,43),(2,'B','AA',1,NULL,NULL,NULL,NULL,1,NULL,NULL,33,33),(3,'C','BB',NULL,NULL,NULL,NULL,NULL,NULL,NULL,NULL,NULL,NULL),(4,'D','CC',NULL,NULL,NULL,NULL,NULL,NULL,NULL,NULL,NULL,NULL),(5,'E','VV',NULL,NULL,NULL,NULL,NULL,NULL,NULL,NULL,NULL,NULL),(6,'F','DD',NULL,NULL,NULL,NULL,NULL,NULL,NULL,NULL,NULL,NULL),(7,'G','EE',NULL,NULL,NULL,NULL,NULL,NULL,NULL,NULL,NULL,NULL),(8,'H','WW',NULL,NULL,NULL,NULL,NULL,NULL,NULL,NULL,NULL,NULL),(9,'I','EE',NULL,NULL,NULL,NULL,NULL,NULL,NULL,NULL,NULL,NULL),(10,'J','TT',NULL,NULL,NULL,NULL,NULL,NULL,NULL,NULL,NULL,NULL),(11,'K','HH',NULL,NULL,NULL,NULL,NULL,NULL,NULL,NULL,NULL,NULL),(12,'L','NN',NULL,NULL,NULL,NULL,NULL,NULL,NULL,NULL,NULL,NULL),(13,'M','LL',NULL,NULL,NULL,NULL,NULL,NULL,NULL,NULL,NULL,NULL),(14,'N','UU',NULL,NULL,NULL,NULL,NULL,NULL,NULL,NULL,NULL,NULL),(15,'O','NN',NULL,NULL,NULL,NULL,NULL,NULL,NULL,NULL,NULL,NULL),(16,'P','SS',NULL,NULL,NULL,NULL,NULL,NULL,NULL,NULL,NULL,NULL),(17,'Q','UU',NULL,NULL,NULL,NULL,NULL,NULL,NULL,NULL,NULL,NULL),(18,'R','KK',NULL,NULL,NULL,NULL,NULL,NULL,NULL,NULL,NULL,NULL),(19,'S','YY',NULL,NULL,NULL,NULL,NULL,NULL,NULL,NULL,NULL,NULL),(20,'T','JJ',NULL,NULL,NULL,NULL,NULL,NULL,NULL,NULL,NULL,NULL),(21,'U','SS',NULL,NULL,NULL,NULL,NULL,NULL,NULL,NULL,NULL,NULL),(22,'V','YY',NULL,NULL,NULL,NULL,NULL,NULL,NULL,NULL,NULL,NULL),(23,'W','LL',NULL,NULL,NULL,NULL,NULL,NULL,NULL,NULL,NULL,NULL),(24,'X','JJ',NULL,NULL,NULL,NULL,NULL,NULL,NULL,NULL,NULL,NULL),(25,'Y','SS',NULL,NULL,NULL,NULL,NULL,NULL,NULL,NULL,NULL,NULL),(26,'Z','KK',NULL,NULL,NULL,NULL,NULL,NULL,NULL,NULL,NULL,NULL),(27,NULL,'',NULL,NULL,NULL,NULL,NULL,NULL,NULL,NULL,NULL,NULL);
/*!40000 ALTER TABLE `camera` ENABLE KEYS */;
UNLOCK TABLES;

--
-- Table structure for table `cruiseautomatic`
--

DROP TABLE IF EXISTS `cruiseautomatic`;
/*!40101 SET @saved_cs_client     = @@character_set_client */;
/*!40101 SET character_set_client = utf8 */;
CREATE TABLE `cruiseautomatic` (
  `cruiseId` int(11) NOT NULL AUTO_INCREMENT,
  `cameraId` int(11) DEFAULT NULL,
  `cruiseRoute` int(11) DEFAULT NULL,
  `cruisePointOrder` int(11) DEFAULT NULL,
  `set` int(11) DEFAULT NULL,
  `preSetPointId` int(11) DEFAULT NULL,
  `cruiseSpeed` int(11) DEFAULT NULL,
  `waitTime` int(11) DEFAULT NULL,
  PRIMARY KEY (`cruiseId`)
) ENGINE=InnoDB AUTO_INCREMENT=4 DEFAULT CHARSET=utf8;
/*!40101 SET character_set_client = @saved_cs_client */;

--
-- Dumping data for table `cruiseautomatic`
--

LOCK TABLES `cruiseautomatic` WRITE;
/*!40000 ALTER TABLE `cruiseautomatic` DISABLE KEYS */;
INSERT INTO `cruiseautomatic` VALUES (1,1,1,11,1,1,1,1),(2,1,1,9,1,3,1,1),(3,2,2,15,1,2,1,1);
/*!40000 ALTER TABLE `cruiseautomatic` ENABLE KEYS */;
UNLOCK TABLES;

--
-- Table structure for table `presetpoint`
--

DROP TABLE IF EXISTS `presetpoint`;
/*!40101 SET @saved_cs_client     = @@character_set_client */;
/*!40101 SET character_set_client = utf8 */;
CREATE TABLE `presetpoint` (
  `preSetPointId` int(11) NOT NULL AUTO_INCREMENT,
  `cameraId` int(11) DEFAULT NULL,
  `preSetPointOrder` int(11) DEFAULT NULL,
  `set` int(11) DEFAULT NULL,
  `spAngle` int(11) DEFAULT NULL,
  `fyAngle` int(11) DEFAULT NULL,
  `strDescription` varchar(45) DEFAULT NULL,
  PRIMARY KEY (`preSetPointId`)
) ENGINE=InnoDB AUTO_INCREMENT=4 DEFAULT CHARSET=utf8;
/*!40101 SET character_set_client = @saved_cs_client */;

--
-- Dumping data for table `presetpoint`
--

LOCK TABLES `presetpoint` WRITE;
/*!40000 ALTER TABLE `presetpoint` DISABLE KEYS */;
INSERT INTO `presetpoint` VALUES (1,1,1,1,11,11,'w1'),(2,2,1,1,22,22,'e2'),(3,1,2,1,33,33,'w3');
/*!40000 ALTER TABLE `presetpoint` ENABLE KEYS */;
UNLOCK TABLES;

--
-- Table structure for table `videoserver`
--

DROP TABLE IF EXISTS `videoserver`;
/*!40101 SET @saved_cs_client     = @@character_set_client */;
/*!40101 SET character_set_client = utf8 */;
CREATE TABLE `videoserver` (
  `videoName` varchar(45) NOT NULL,
  `userName` varchar(45) CHARACTER SET utf8 COLLATE utf8_bin DEFAULT NULL,
  `userPwd` int(11) DEFAULT NULL,
  `userPort` int(11) DEFAULT NULL,
  `channelNumber` int(11) DEFAULT NULL,
  `ipField0` tinyint(3) unsigned DEFAULT NULL,
  `ipField1` tinyint(3) unsigned DEFAULT NULL,
  `ipField2` tinyint(3) unsigned DEFAULT NULL,
  `ipField3` tinyint(3) unsigned DEFAULT NULL,
  `deviceFactory` varchar(45) DEFAULT NULL,
  `deviceType` varchar(45) DEFAULT NULL,
  `vsgName` varchar(45) DEFAULT NULL,
  PRIMARY KEY (`videoName`)
) ENGINE=InnoDB DEFAULT CHARSET=utf8;
/*!40101 SET character_set_client = @saved_cs_client */;

--
-- Dumping data for table `videoserver`
--

LOCK TABLES `videoserver` WRITE;
/*!40000 ALTER TABLE `videoserver` DISABLE KEYS */;
INSERT INTO `videoserver` VALUES ('AA','admin',12345,8000,2,192,168,100,170,NULL,NULL,NULL),('BB','admin',12345,8000,2,192,168,100,78,NULL,NULL,NULL),('CC',NULL,NULL,NULL,NULL,NULL,NULL,NULL,NULL,NULL,NULL,NULL),('DD',NULL,NULL,NULL,NULL,NULL,NULL,NULL,NULL,NULL,NULL,NULL),('EE',NULL,NULL,NULL,NULL,NULL,NULL,NULL,NULL,NULL,NULL,NULL),('FF',NULL,NULL,NULL,NULL,NULL,NULL,NULL,NULL,NULL,NULL,NULL),('GG',NULL,NULL,NULL,NULL,NULL,NULL,NULL,NULL,NULL,NULL,NULL),('HH',NULL,NULL,NULL,NULL,NULL,NULL,NULL,NULL,NULL,NULL,NULL),('II',NULL,NULL,NULL,NULL,NULL,NULL,NULL,NULL,NULL,NULL,NULL),('JJ',NULL,NULL,NULL,NULL,NULL,NULL,NULL,NULL,NULL,NULL,NULL),('KK',NULL,NULL,NULL,NULL,NULL,NULL,NULL,NULL,NULL,NULL,NULL),('LL',NULL,NULL,NULL,NULL,NULL,NULL,NULL,NULL,NULL,NULL,NULL),('MM',NULL,NULL,NULL,NULL,NULL,NULL,NULL,NULL,NULL,NULL,NULL),('NN',NULL,NULL,NULL,NULL,NULL,NULL,NULL,NULL,NULL,NULL,NULL),('OO',NULL,NULL,NULL,NULL,NULL,NULL,NULL,NULL,NULL,NULL,NULL),('PP',NULL,NULL,NULL,NULL,NULL,NULL,NULL,NULL,NULL,NULL,NULL),('QQ',NULL,NULL,NULL,NULL,NULL,NULL,NULL,NULL,NULL,NULL,NULL),('RR',NULL,NULL,NULL,NULL,NULL,NULL,NULL,NULL,NULL,NULL,NULL),('SS',NULL,NULL,NULL,NULL,NULL,NULL,NULL,NULL,NULL,NULL,NULL),('TT',NULL,NULL,NULL,NULL,NULL,NULL,NULL,NULL,NULL,NULL,NULL),('UU',NULL,NULL,NULL,NULL,NULL,NULL,NULL,NULL,NULL,NULL,NULL),('VV',NULL,NULL,NULL,NULL,NULL,NULL,NULL,NULL,NULL,NULL,NULL),('WW',NULL,NULL,NULL,NULL,NULL,NULL,NULL,NULL,NULL,NULL,NULL),('XX',NULL,NULL,NULL,NULL,NULL,NULL,NULL,NULL,NULL,NULL,NULL),('YY',NULL,NULL,NULL,NULL,NULL,NULL,NULL,NULL,NULL,NULL,NULL),('ZZ',NULL,NULL,NULL,NULL,NULL,NULL,NULL,NULL,NULL,NULL,NULL);
/*!40000 ALTER TABLE `videoserver` ENABLE KEYS */;
UNLOCK TABLES;
/*!40103 SET TIME_ZONE=@OLD_TIME_ZONE */;

/*!40101 SET SQL_MODE=@OLD_SQL_MODE */;
/*!40014 SET FOREIGN_KEY_CHECKS=@OLD_FOREIGN_KEY_CHECKS */;
/*!40014 SET UNIQUE_CHECKS=@OLD_UNIQUE_CHECKS */;
/*!40101 SET CHARACTER_SET_CLIENT=@OLD_CHARACTER_SET_CLIENT */;
/*!40101 SET CHARACTER_SET_RESULTS=@OLD_CHARACTER_SET_RESULTS */;
/*!40101 SET COLLATION_CONNECTION=@OLD_COLLATION_CONNECTION */;
/*!40111 SET SQL_NOTES=@OLD_SQL_NOTES */;

-- Dump completed on 2015-05-23 16:30:11
